id,name,conversation
0,shoe,"[
    {
      ""user"": ""Hello! I'm looking for a new pair of running shoes. Can you help me find the perfect pair?""
    },
    {
      ""bot"": ""Of course! I'd be happy to help you find the perfect running shoes. Do you have any specific preferences or requirements in mind, such as brand, size, or type of running you do?""
    },
    {
      ""user"": ""I usually run on trails, so I need something with good traction and support. I also prefer a well-known brand like Nike or Adidas.""
    },
    {
      ""bot"": ""Great! Trail running shoes are designed to provide the traction and support you need. Let me check our inventory for Nike and Adidas trail running shoes in your size. What size are you looking for?""
    },
    {
      ""user"": ""I wear a men's size 10.""
    },
    {
      ""bot"": ""Thank you for providing your size. I'm now searching for Nike and Adidas trail running shoes in men's size 10. While I look for options, is there a specific color or style you prefer?""
    },
    {
      ""user"": ""I'm open to different colors, but I prefer a lightweight and breathable design.""
    },
    {
      ""bot"": ""Got it, lightweight and breathable it is! I've found a few options for you:""
    },
    {
      ""bot"": ""1. Nike Air Zoom Terra Kiger 6 - This model is known for its excellent traction and lightweight design.""
    },
    {
      ""bot"": ""2. Adidas Terrex Agravic XT - These shoes offer great support and breathability.""
    },
    {
      ""bot"": ""Would you like more information about any of these options, or do you have any other questions?""
    },
    {
      ""user"": ""Can you tell me more about the Nike Air Zoom Terra Kiger 6?""
    },
    {
      ""bot"": ""Certainly! The Nike Air Zoom Terra Kiger 6 is a popular choice among trail runners. It features:""
    },
    {
      ""bot"": ""- Nike Zoom Air cushioning in the forefoot for responsive cushioning and a comfortable ride.""
    },
    {
      ""bot"": ""- Multi-directional lugs on the outsole for excellent traction on various terrains.""
    },
    {
      ""bot"": ""- A lightweight and breathable upper to keep your feet comfortable during your runs.""
    },
    {
      ""bot"": ""- A secure fit with Flywire cables and a padded collar.""
    },
    {
      ""bot"": ""These shoes are designed to handle rugged trails while providing a comfortable and supportive experience. Would you like to see images of this shoe or more details?""
    },
    {
      ""user"": ""Can you show me some images, please?""
    },
    {
      ""bot"": ""I'm sorry, but I can't display images directly. However, you can easily find images and more information about the Nike Air Zoom Terra Kiger 6 by searching for it on our website. Is there anything else you'd like to know or any other shoes you're interested in?""
    },
    {
      ""user"": ""No, that's great! I'll check out the Nike Air Zoom Terra Kiger 6 on your website. Thanks for your help!""
    },
    {
      ""bot"": ""You're welcome! If you have any more questions or need assistance while browsing our website, feel free to reach out. Happy running, and have a great day!""
    }
  ]"
1,grocery,"[
    {
      ""user"": ""Hello, I have some concerns about my recent grocery delivery.""
    },
    {
      ""bot"": ""I'm sorry to hear that. Could you please provide me with more details about the issues you faced?""
    },
    {
      ""user"": ""First, some items were missing from my order, and the delivery was late.""
    },
    {
      ""bot"": ""I apologize for the inconvenience. We'll investigate the missing items and the delay in your delivery. Can you please share your order number with me so that I can look into this matter?""
    },
    {
      ""user"": ""My order number is #123456.""
    },
    {
      ""bot"": ""Thank you for providing the order number, #123456. We'll look into it and get back to you as soon as possible. Is there anything else you'd like to report or any other concerns?""
    },
    {
      ""user"": ""Yes, I also received a damaged item in my order.""
    },
    {
      ""bot"": ""I'm really sorry to hear that. We'll make sure to replace the damaged item for you. Could you specify which item was damaged so that we can process the replacement accordingly?""
    },
    {
      ""user"": ""It was a carton of eggs.""
    },
    {
      ""bot"": ""Thank you for letting us know. We'll arrange for a replacement carton of eggs to be delivered to you. Is there anything else you'd like to address?""
    },
    {
      ""user"": ""No, that's all for the complaints. However, I'd like to provide some feedback. The app's user interface could be more user-friendly.""
    },
    {
      ""bot"": ""Thank you for your feedback. We appreciate your input, and we're constantly working on improving our app's user interface to provide a better experience. Your feedback will be taken into account. Is there anything else you'd like to share or inquire about?""
    },
    {
      ""user"": ""Yes, are there any new products or promotions currently available?""
    },
    {
      ""bot"": ""Certainly! We have some exciting new products and promotions. We've recently added organic fruits and vegetables to our selection, and there's a 'Buy One, Get One Free' offer on selected snacks this week. Would you like to explore these new products or learn more about our promotions?""
    },
    {
      ""user"": ""I'm interested in the organic fruits and vegetables. Can you show me the available options?""
    }
  ]"
2,vacation,"[
    {
      ""user"": ""Hello! My family and I are planning a vacation, and we need some help with the arrangements.""
    },
    {
      ""bot"": ""Hello! I'd be delighted to assist you with planning your vacation. Could you please provide me with some details?""
    },
    {
      ""user"": ""Sure! We're a family of four, two adults and two kids. We're looking for a beach destination in Asia, and we'd like to travel during the summer months.""
    },
    {
      ""bot"": ""Sounds like a great plan! To find the best options, could you please specify your departure city or airport and the duration of your stay in Asia?""
    },
    {
      ""user"": ""We'll be flying from Sydney, Australia, and we're planning to stay for about two weeks.""
    },
    {
      ""bot"": ""Thank you for the information. I'll start by searching for flights from Sydney to popular beach destinations in Asia. Are there any specific countries or cities in Asia that you have in mind, or should I suggest some options for you?""
    },
    {
      ""user"": ""We're open to suggestions. What are some beautiful beach destinations in Asia that you'd recommend for families?""
    },
    {
      ""bot"": ""Certainly! Here are a few family-friendly beach destinations in Asia that you might consider: Bali, Indonesia; Phuket, Thailand; Langkawi, Malaysia; and Goa, India. Would you like me to check flight and accommodation options for any of these destinations?""
    },
    {
      ""user"": ""Bali sounds wonderful! Let's explore Bali.""
    },
    {
      ""bot"": ""Excellent choice! I'll search for available flights from Sydney to Bali during the summer months, as well as family-friendly resorts near the beach. Please bear with me while I gather the details.""
    },
    {
      ""user"": ""The flight options look good, and we love the hotel recommendations. Let's proceed with booking the flights and accommodation.""
    },
    {
      ""bot"": ""Perfect! To proceed with the booking, I'll need some additional information. Can you please provide me with the names, ages, and passport details of the travelers, as well as any specific room preferences for the resort?""
    },
    {
      ""user"": ""All the information is provided. Please go ahead and book the flights and hotel for us.""
    },
    {
      ""bot"": ""Thank you for providing the details. I'm processing your booking now. May I have your contact information, including your email address and phone number, to send you the confirmation details and itinerary?""
    },
    {
      ""user"": ""Payment details are provided. Please confirm the booking and send us the details. We're excited about our trip to Bali!""
    },
    {
      ""bot"": ""Your booking is confirmed, and the details will be sent to your email shortly. If you have any questions or need assistance with anything else, feel free to reach out. Have an amazing time in Bali, and enjoy your family vacation by the beach!""
    },
    {
      ""user"": ""Thank you so much for your help! We can't wait for our vacation.""
    },
    {
      ""bot"": ""You're very welcome! If you have any special requests or need assistance with activities or tours in Bali, don't hesitate to ask. We wish you a fantastic and memorable vacation!""
    },
    {
      ""user"": ""That's great! We're also interested in exploring the local cuisine. Can you recommend some must-try dishes and restaurants in Bali?""
    },
    {
      ""bot"": ""Certainly! Bali offers a delightful range of local dishes to try. You must try Nasi Goreng (Indonesian fried rice), Mie Goreng (fried noodles), and Rendang (spicy beef stew). For restaurants, you can visit Warung Ibu Oka for delicious Babi Guling (suckling pig) or Locavore for a unique dining experience. Would you like more recommendations?""
    },
    {
      ""user"": ""Those sound delicious! Any recommendations for seafood restaurants by the beach?""
    },
    {
      ""bot"": ""Of course! For fresh seafood with a view, consider Jimbaran Bay. There are many seafood restaurants right by the beach where you can enjoy grilled fish, prawns, and more while watching the sunset. Another option is Menega Cafe. They offer a great seafood BBQ experience. Enjoy your dining experience!""
    }
  ]"
